test_acc,epoch,step
0.91839998960495,0,0
0.9107000231742859,0,0
